siddha siddha@gmail.com ka0111 1
vishwas vishwas@gmail.com ka123 2
uthpal uthpal@gmail.com ka31313 3
satwik satwik@gmail.com ka121212 4
Vishwas vishwasr6543@gmail.com KA-02-8602 5
ram ram@gmail.com ka123 6
vishnu vishnu@gmail.com KA05HW12 7
newenty newenty@gmail.com 22222 8
1 1 1 9
abc abc abc 10
abcsqsqs abcssq abccsc 11
